algorithm,elapsed,score,win
,24.2721133,420,True
,10.1356139,-521,False
,19.6378524,451,True
,32.3898113,367,True
,23.5680114,393,True
,23.5878491,410,True
